data_index,page,ad_type,ad_rank,organic_rank,asin,title,url,price_current,price_list,rating_stars,rating_count,is_prime,image_small,image_large,brand_name,scraped_at,inner_products_count
0,1,SB,1.0,,,Spring Home Goods,https://aax-us-east-retail-direct.amazon.com/x/c/JCiz8gtI80HWQKfCgG9hlu4AAAGdi1IWWQEAAAH2AQBvbm9fdHhuX2JpZDQgICBvbm9fdHhuX2ltcDEgICDpuID7/clv1c_ek-wBPfXJTbbzg5Sc54huj4p7V0Ef1hz4dw9Pu21mgnfVsfcjcVEsYW_NwQMZcM0aFQG_0pLbTIL8diU_7DhfqJnsRKNI2qtqQluDCtg205Ok_JGSopvi5X7xil1ogp5d4mruyJ-RkjgqK3igO8WpRu7vdxMdtXpohQw2ydqjYA3eyvdHtOZPu64n0LXF2ohoP2JntG-zQLZkTQ89s7ExGfPDZ8PQB8glI9Jh9pPXtk6gQakmgOOtZxWKAf9IruQdqByvcgpMgyXNN95e2OZ_HiS4e165ZP5guzh9AZiF7uKvTeBkAGvs8A1VBxJYAOfHigtombsPzgo8f7iNGMeH99jExpsNSeVkomHz61Sm27iMkyyIJNBKoAqxRfZ1OTWgDruIk1DrPmDsLbOGy_i5dZbhUjSKyO0ySsEK-izrFb38sNzlBGJAYO8w9YPByQrksoPETkRfGzyT5hpJ1acQsWNpCUkR3BtfQwbdGKsU7ap7JpJHD2V2-sER_xGgYYtHxZPuSZizvQR8wr9TU0zJXIO0T2Xdm0hxNICNzlK_eQeGwMM7Z_eF2K33-Y-5IIf7LJk_WMu9baU6mj2JUtTAOdwLz5J4l3V4xzfjH5J7hi-lLASIPMOiecjcxcxR2GmVepuJ8HgaMNK5ueU5luhFEAF7WvMGt3K8-HN3MOhDCoWw4GeNv_2yC1nLWj5WhoY13l78xx7u26uEBzCsYK4SH-Gpl5TPrpJ5quxGTdokVYAyHh3mTGE7dVnlKJYZQi23CqNMCLCcNTpihvXEB-ZIi4SdkZRq8c2bJQGH5KvmW01cWY5vK8lAlkJfJwXvYjLuj2dBGdWPgcMW66X3wBNcjCKHIVtaKT5LLtJtCtjgM-Kxxt2UH_kHxumK9t7kcXCAbtgxgdGns9ST4M4_eJyAOsu-LuiZ36U0BXwAr8Yoa9qnQfSPNcF8r7mptDwLIvWRh6LtjSL_E9q_571uTcPllkD5L8lBMG60v087y1bcjwCpo1P1bolOi4siLG9WCFAXa680f0u8F-84-sSh3fXthimYhRxtmAiBscqaLO7H2KK2JK16zi8wBbS4m5LfkFQ9Q4BwLEzXw_zIr2e16J1WDHWpyDr8ALPsfVlk02yme1W46KiQ91rSTCTCFqc9B5PNaUC0LpW9w6Xm-hAfj117JhmevtNSsIaA3vWZgS0YATyHuxHm8nXp4qFIUQ9sHT1G4BIikZRuQx9kO2MfU_PZNQYQ4vRLRnVVA9hJbH6NuGynzqPAgIKinVu_uAvJ0o1oDxw1f0fLmO6sxNkH2qUjNrKkkH5EWbtsIkrH2aDjJx50RtPtp5NcWebtfzce3ydIZep-phdL9SLEf_M8t1VBUSJFO4F22Ne1wCchF1EGq_l9OczAf_s17ZkRktDTLfm6ysDg38aVxJaTC6qeWbSWTCympVvgobp85QV69esfUgpi0my7OcTYtV_PJYUMeqeJlnFQIDN_T1ToyfZhe5_Oj6hANBiF-rZqqowj61FNITUJfXBXcZcxyQozsslv6xmvldpNEDSnBDyEYaahrOEe65T-T2lRDUGYAoFzna7VtreQlvMwErRMHS6gl86x4s7hv0U1OOjG8UgrLDu8S6f5Sjo4DgEO_eIJBu4GMeJzg_5KNQSHx0qAdW9vLsJ3jwIvX93yPBCjCp9DN68tfrigLmBeCjU5yLO5eyVpb0/https://www.amazon.com/stores/page/0A268C56-05CC-46D2-9ECC-F29E8BE8C998/?_encoding=UTF8&store_ref=SB_A03102851ZFGXX01KTHUJ-A0992199FLA8U9JLWXFR&pd_rd_plhdr=t&aaxitk=1bb52ffabbc7cd44d7477d7ad798d689&hsa_cr_id=0&lp_asins=B0DJZS4Z1F%2CB08WJK4MSV%2CB0CNS2VGTV&lp_query=summer%20decor&lp_slot=auto-sparkle-hsa-tetris&ref_=sbx_s_sparkle_sbtcd_bkgd&pd_rd_w=A8GNe&content-id=amzn1.sym.15c9e6e9-b83a-41a9-bfc7-ecd1e6138b44%3Aamzn1.sym.15c9e6e9-b83a-41a9-bfc7-ecd1e6138b44&pf_rd_p=15c9e6e9-b83a-41a9-bfc7-ecd1e6138b44&pf_rd_r=JQY0CX2QDTMRW3EA180G&pd_rd_wg=o1wiI&pd_rd_r=21cc9445-9c19-409e-bf96-a7109f53c186,,,,,False,"https://m.media-amazon.com/images/S/al-na-9d5791cf-3faf/4f219612-5763-4d09-a844-fc0df1939a1e._CR0,0,1471,1471_AC_SX130_SY60_CB1169409_QL70_.png",,Spring Home Goods,2026-04-14T17:28:28.791260,3.0
1,1,Title,,,,ResultsCheck each product page for other buying options. Price and other details may vary based on p,,,,,,False,,,,2026-04-14T17:28:28.792261,
3,1,Organic,,1.0,B0DR8QNG1H,DFXSZ Spring Summer Pillow Covers 18x18 inch Set of 2 Farmhouse Decor Yellow Color Flower Heart Sunflower Soft Plush Faux Fur Jacquard Throw Pillows for Sofa Holiday Spring Home Decor PTK024C18,N/A,$8.99,,4.6,518.0,False,https://m.media-amazon.com/images/I/81mHf9qwslL._AC_UL320_.jpg,https://m.media-amazon.com/images/I/81mHf9qwslL._AC_SL1500_.jpg,,2026-04-14T17:28:28.806566,
4,1,Organic,,2.0,B0D46DC2NQ,"Lemon Truck Decor with Mini Fake Lemons Lemon Decorations for Home Kitchen Farmhouse Tabletop Centerpiece Summer Tiered Tray Decor Lemonade Stand Decorations Amalfi Coast Party Favor, Cream",N/A,$12.99,,4.4,672.0,False,https://m.media-amazon.com/images/I/61GKc6CvuVL._AC_UL320_.jpg,https://m.media-amazon.com/images/I/61GKc6CvuVL._AC_SL1500_.jpg,,2026-04-14T17:28:28.811593,
5,1,Organic,,3.0,B0CWN2L3MV,Summer Decorations For Home Hello Summer Wooden Sign Wall Table Centerpieces Shelf Mantle Office Decorative Wood Signage Rustic Farmhouse House Indoor Seasonal Decor,N/A,$12.99,,4.6,143.0,False,https://m.media-amazon.com/images/I/61B1AF8rwtL._AC_UL320_.jpg,https://m.media-amazon.com/images/I/61B1AF8rwtL._AC_SL1500_.jpg,,2026-04-14T17:28:28.815607,
7,1,Title,,,,"Debug info copied.SponsoredValery Madelyn 30ct Summer Tree Ornaments Christmas in July Decorations, ",,,,,,False,,,,2026-04-14T17:28:28.815607,
8,1,Title,,,,Artificial Cemetery Flowers For Grave Summer DecorSponsored|30K+ bought from this brand in past mont,,,,,,False,,,,2026-04-14T17:28:28.817617,
9,1,Title,,,,More results,,,,,,False,,,,2026-04-14T17:28:28.817617,
10,1,Organic,,4.0,B0CRYP8CB1,"Laelfe Artificial Lemons Branches, 8 Head Faux Lemons with Stem Fake Lemon Themed for Kitchen Decoration Party Farmhouse Decor (Yellow)",N/A,$12.69,,4.4,524.0,False,https://m.media-amazon.com/images/I/81mptZY0K1L._AC_UL320_.jpg,https://m.media-amazon.com/images/I/81mptZY0K1L._AC_SL1500_.jpg,,2026-04-14T17:28:28.821024,
11,1,Organic,,5.0,B08LK7Z682,"COCOBOO Sunflower Artificial Flowers Pot, Sunflower Decor, Yellow Fake Flower in Pots, for Home Bathroom Kitchen",N/A,$9.99,,4.2,2950.0,False,https://m.media-amazon.com/images/I/717Vlj3bQzL._AC_UL320_.jpg,https://m.media-amazon.com/images/I/717Vlj3bQzL._AC_SL1500_.jpg,,2026-04-14T17:28:28.825061,
12,1,Organic,,6.0,B0BY8N3353,Farmhouse Sunshine Sunflower Wooden Box Sign Rustic Country Sunflower Box Sign Wood Sign Decor Summer Square Wood Sign Home Desk Tabletop Shelf Decor 5 x 5,N/A,$8.99,,4.7,412.0,False,https://m.media-amazon.com/images/I/61ijXQfneVL._AC_UL320_.jpg,https://m.media-amazon.com/images/I/61ijXQfneVL._AC_SL1500_.jpg,,2026-04-14T17:28:28.829684,
13,1,Organic,,7.0,B0BVW71PM3,Maitys 3 Pcs Spring Table Decor Summer Sunflower Wood Table Sign Spring Freestanding Butterfly Tabletop for Home Kitchen Rustic Centerpiece Standing Tiered Tray Shelf Decorations(Classic Sunflower),N/A,$9.99,,4.5,195.0,False,https://m.media-amazon.com/images/I/61aXZ5oTJcL._AC_UL320_.jpg,https://m.media-amazon.com/images/I/61aXZ5oTJcL._AC_SL1500_.jpg,,2026-04-14T17:28:28.833728,
14,1,Organic,,8.0,B0CT7LJ2KW,3 Pcs Hello Sweet Summer Table Block Signs Rustic Farmhouse Wood Lemon Centerpiece Blue Yellow Green Hello Summer Decorations for Tiered Tray Decor Home Office Kitchen Mantel Shelf Indoor,N/A,$14.99,,4.3,277.0,False,https://m.media-amazon.com/images/I/81uG-MpRl8L._AC_UL320_.jpg,https://m.media-amazon.com/images/I/81uG-MpRl8L._AC_SL1500_.jpg,,2026-04-14T17:28:28.838991,
15,1,Organic,,9.0,B09VKG94RZ,"Artoid Mode Yellow Hello Sunshine Summer Decorative Doormat, Seasonal Spring Holiday Low-Profile Floor Mat Switch Mat for Indoor Outdoor 17 x 29 Inch",N/A,$15.99,,4.4,310.0,False,https://m.media-amazon.com/images/I/710TungCE7L._AC_UL320_.jpg,https://m.media-amazon.com/images/I/710TungCE7L._AC_SL1500_.jpg,,2026-04-14T17:28:28.848197,
16,1,Organic,,10.0,B0BTN97VKR,Roowest 5 Pcs Hello Spring Interchangeable Sign Seasonal Sign Summer Fall Winter Tiered Tray Decor 5.9 x 3 Inch Wooden 4 Seasons Farmhouse Table Centerpiece Decoration for Home Shelf Office(Fresh),N/A,$14.99,,4.3,190.0,False,https://m.media-amazon.com/images/I/71uusGjbPAL._AC_UL320_.jpg,https://m.media-amazon.com/images/I/71uusGjbPAL._AC_SL1500_.jpg,,2026-04-14T17:28:28.852939,
17,1,Organic,,11.0,B0F3GL7QCG,"COCHIE Metal Hello Summer Sign, Summer Decorations for Home, Office, Shelf, Mantel, Indoor, Beach Slippers Tabletop Centerpiece Decoration, Watermelon Red Decor (Beach)",N/A,$15.99,,4.6,257.0,False,https://m.media-amazon.com/images/I/71RVEYvQsYL._AC_UL320_.jpg,https://m.media-amazon.com/images/I/71RVEYvQsYL._AC_SL1500_.jpg,,2026-04-14T17:28:28.855944,
18,1,Organic,,12.0,B0DTHKJN3V,Yuntau 4 Pcs Sunflower Decorations Sunflower Wooden Sign Sunshine Table Centerpiece Summer Tiered Tray Decor Decorative Faux Book Stack Block for Coffee Table Fireplace Mantel Floating Shelf,N/A,$17.99,,4.5,410.0,False,https://m.media-amazon.com/images/I/71E03+qbDqL._AC_UL320_.jpg,https://m.media-amazon.com/images/I/71E03+qbDqL._AC_SL1500_.jpg,,2026-04-14T17:28:28.860506,
19,1,Organic,,13.0,B0C8BJ194J,Summer Decor for Home Hello Summer Tiered Tray Decor 3 Pcs Wood Decorative Signs Table Desk Shelf Decoration,N/A,$14.99,,4.7,112.0,False,https://m.media-amazon.com/images/I/61LMVB6UgtL._AC_UL320_.jpg,https://m.media-amazon.com/images/I/61LMVB6UgtL._AC_SL1500_.jpg,,2026-04-14T17:28:28.865022,
20,1,Organic,,14.0,B09JSFTZLV,"YNYLCHMX 18"" Spring Summer Wreaths for Front Door, Artificial Floral Wreath with Daisy Flowers Green Tea Leaves, Green Foliage Wreath for Wall Window Farmhouse Party Holiday Home Decor",N/A,$23.99,,4.4,3577.0,False,https://m.media-amazon.com/images/I/81ynzcPMytL._AC_UL320_.jpg,https://m.media-amazon.com/images/I/81ynzcPMytL._AC_SL1500_.jpg,,2026-04-14T17:28:28.868532,
21,1,Title,,,,More results,,,,,,False,,,,2026-04-14T17:28:28.868532,
22,1,Organic,,15.0,B095P71JSG,Summer Slippers Hanging Sign Shape Welcome Hello Flip Flop Wooden Door Plaque Rustic Wall Sign Yard Indoor Outdoor Garden Decoration with Rope (Welcome),N/A,$7.99,,4.4,1166.0,False,https://m.media-amazon.com/images/I/71Jt6EhZpFL._AC_UL320_.jpg,https://m.media-amazon.com/images/I/71Jt6EhZpFL._AC_SL1500_.jpg,,2026-04-14T17:28:28.872940,
23,1,Organic,,16.0,B097DQXXH1,Mkono Mason Jar Lights Centerpiece Table Decor for Dining Room Farmhouse Wood Tray with 3 Jars Flowers Valentines Day Decoration for Coffee Table Kitchen Living Room Wedding,N/A,$25.99,,4.6,2490.0,False,https://m.media-amazon.com/images/I/81XU6NVlNfL._AC_UL320_.jpg,https://m.media-amazon.com/images/I/81XU6NVlNfL._AC_SL1500_.jpg,,2026-04-14T17:28:28.878742,
24,1,Organic,,17.0,B09S5YLHV1,"MUAMAX 2Pcs Pink Flamingo Figurines Resin Flamingo Bird Sculpture,Small Flamingo Ornaments for Coastal Home Wedding Decor, Housewarming Flamingo Gifts for Woman,Desk Tropical Holiday Decoration",N/A,$12.99,,4.7,387.0,False,https://m.media-amazon.com/images/I/71zw5afGHoL._AC_UL320_.jpg,https://m.media-amazon.com/images/I/71zw5afGHoL._AC_SL1500_.jpg,,2026-04-14T17:28:28.883821,
25,1,Organic,,18.0,B09TW1CPJ8,"Spring Decorations for Home, Office, Indoor - Yellow Honey Bumble Bee Sunflower Plush Gnomes Doll - Summer Gnome Gifts Ideas for Women - Bee Stuffed Sitters - Unique Housewarming Gifts for New Home",N/A,$25.99,,4.6,484.0,False,https://m.media-amazon.com/images/I/712VWAB5FGL._AC_UL320_.jpg,https://m.media-amazon.com/images/I/712VWAB5FGL._AC_SL1500_.jpg,,2026-04-14T17:28:28.888879,
26,1,Organic,,19.0,B0GCJX75QR,Lineshading 4 Pcs Summer Table Decoration Wooden Sun Beach Tiered Tray Decor Summer Centerpiece Rustic Wood Made for Sunny Day Block Sign Gifts Beach Decorations for Home Kitchen Office Coffee Bar,N/A,$16.99,,4.6,960.0,False,https://m.media-amazon.com/images/I/81GsEDkaKsL._AC_UL320_.jpg,https://m.media-amazon.com/images/I/81GsEDkaKsL._AC_SL1500_.jpg,,2026-04-14T17:28:28.892929,
27,1,Organic,,20.0,B07VDQWXK8,"XONOR Artificial Flower Plants - Mixed Color Daisies in Picket Fence Pot for Indoor Office Wedding Home Decor, 2 Sets",N/A,$22.99,,4.5,2191.0,False,https://m.media-amazon.com/images/I/712KTr+ctvL._AC_UL320_.jpg,https://m.media-amazon.com/images/I/712KTr+ctvL._AC_SL1500_.jpg,,2026-04-14T17:28:28.896165,
28,1,Organic,,21.0,B08QFBHYZC,"Pinkpum 20'' Eucalyptus Wreath for Front Door, Porch, Window - Green Decor for Home, Farmhouse - Spring, Summer, Fall, All Seasons",N/A,$21.99,,4.4,5702.0,False,https://m.media-amazon.com/images/I/81P9Jpi54zL._AC_UL320_.jpg,https://m.media-amazon.com/images/I/81P9Jpi54zL._AC_SL1500_.jpg,,2026-04-14T17:28:28.900763,
29,1,Organic,,22.0,B0CYBNFHB6,Summer Decor Wreaths for Front Door Hello Sunshine Door Decor Wooden Front Door Hanger Hanging Sign Pool Decorations for Spring Summer Office Porch Wall Home Decorations,N/A,$7.99,,4.6,98.0,False,https://m.media-amazon.com/images/I/71A-oBt-7VL._AC_UL320_.jpg,https://m.media-amazon.com/images/I/71A-oBt-7VL._AC_SL1500_.jpg,,2026-04-14T17:28:28.904272,
30,1,Organic,,23.0,B0D2H5QKGS,"4th of July Decorations Wooden Table Sign Summer Decorations, Patriotic Independence Day Memorial Day Decorations Reversible Double-sided Different Theme Farmhouse Tabletop Centerpiece Decor",N/A,$11.99,,4.7,288.0,False,https://m.media-amazon.com/images/I/71YsUJ+z1lL._AC_UL320_.jpg,https://m.media-amazon.com/images/I/71YsUJ+z1lL._AC_SL1500_.jpg,,2026-04-14T17:28:28.908504,
31,1,Title,,,,More results,,,,,,False,,,,2026-04-14T17:28:28.908504,
32,1,Organic,,24.0,B0BPLB7GVR,"Artoid Mode Yellow Flowers Bee Hello Sunshine Spring Kitchen Towels Dish Towels, 18x26 Inch Summer Holiday Decoration Hand Towels Set of 2",N/A,$13.99,,4.1,364.0,False,https://m.media-amazon.com/images/I/61mnCkVZfsL._AC_UL320_.jpg,https://m.media-amazon.com/images/I/61mnCkVZfsL._AC_SL1500_.jpg,,2026-04-14T17:28:28.914530,
33,1,Organic,,25.0,B0FYH1TJXM,"Yellow Sunflower Gnome Figurines - Indoor Home Office Kitchen Spring Decor, Summer Gnomes Gifts for Women, Resin Bee Statues for Table Shelf Decorations",N/A,$18.99,,4.6,49.0,False,https://m.media-amazon.com/images/I/71goxSniOJL._AC_UL320_.jpg,https://m.media-amazon.com/images/I/71goxSniOJL._AC_SL1500_.jpg,,2026-04-14T17:28:28.918548,
34,1,Organic,,26.0,B0CPTQTMYR,"Hodao Spring Decorations for Home - Colorful Garden Gnomes Figurines with Flowers & Tools – Spring Summer Indoor Decor for Table, Lawn, Window Sill – Gift for Garden Lovers",N/A,$21.95,,4.5,96.0,False,https://m.media-amazon.com/images/I/71kZ2iD8sjL._AC_UL320_.jpg,https://m.media-amazon.com/images/I/71kZ2iD8sjL._AC_SL1500_.jpg,,2026-04-14T17:28:28.925184,
35,1,Organic,,27.0,B0G7TT3D74,"Sunflower Decor, 1 Pcs Farmhouse Rustic Sunflower Kitchen Decor, Centerpieces for Tables, Fake Artificial Sunflowers Flowers in Burlap Bag Vase, Summer Decorations Indoor Outdoor for Home",N/A,$11.99,,4.5,15.0,False,https://m.media-amazon.com/images/I/81WdpD+PX1L._AC_UL320_.jpg,https://m.media-amazon.com/images/I/81WdpD+PX1L._AC_SL1500_.jpg,,2026-04-14T17:28:28.929693,
36,1,Organic,,28.0,B0GC5NBZ1Q,"Smile 4 Pcs Summer Indoor Wooden Decor, Sunshine Sunflower Summertime Tiered Tray Farmhouse Table Decoration for Home and Office",N/A,$14.99,,4.5,106.0,False,https://m.media-amazon.com/images/I/71KOgo9daJL._AC_UL320_.jpg,https://m.media-amazon.com/images/I/71KOgo9daJL._AC_SL1500_.jpg,,2026-04-14T17:28:28.934277,
37,1,Organic,,29.0,B093LKY6JB,Sggvecsy Yellow Daisy Wreath 24 Inch Spring Summer Wreath Fake Silk Floral Wreath with Green Eucalyptus Leaves and Lavender for Front Door Window Wall Wedding Farmhouse Festival Decor,N/A,$25.99,,4.4,1889.0,False,https://m.media-amazon.com/images/I/81qBc-Imn3S._AC_UL320_.jpg,https://m.media-amazon.com/images/I/81qBc-Imn3S._AC_SL1500_.jpg,,2026-04-14T17:28:28.937278,
38,1,Organic,,30.0,B0BZRMN5VC,Der Rose 4 Pack Fake Flowers Small Artificial Faux Plants Indoor Summer Spring Decor for Centerpiece Table Decorations Home Office Desk Wedding Apartment Decor,N/A,$21.99,,4.6,360.0,False,https://m.media-amazon.com/images/I/81GngwT46cL._AC_UL320_.jpg,https://m.media-amazon.com/images/I/81GngwT46cL._AC_SL1500_.jpg,,2026-04-14T17:28:28.943094,
39,1,Organic,,31.0,B0BVW925NM,Maitys 3 Pcs Sea Table Decor Coastal Turtle Starfish Decor Ocean Beach Centerpieces Nautical Standing Block Wooden Centerpiece Sign for Summer Holiday Seasonal Home Kitchen,N/A,$8.99,,4.1,481.0,False,https://m.media-amazon.com/images/I/61ge-ZL7YbL._AC_UL320_.jpg,https://m.media-amazon.com/images/I/61ge-ZL7YbL._AC_SL1500_.jpg,,2026-04-14T17:28:28.950112,
40,1,Organic,,32.0,B0C2NK9XDQ,"VVGIFTS Sea Turtle Meditation Yoga Decor, Garden Figurine Sea Turtle Meditating Coastal Beach Decorations, Zen Yoga Resin Statue for Home Office Decorations (Put The Palm Separate)",N/A,$24.99,,4.8,793.0,False,https://m.media-amazon.com/images/I/61dGMLLBL4L._AC_UL320_.jpg,https://m.media-amazon.com/images/I/61dGMLLBL4L._AC_SL1500_.jpg,,2026-04-14T17:28:28.955000,
41,1,Organic,,33.0,B0CTCZSZLC,"Spring Summer Wreath for Front Door,Farmhouse Magnolia Porch Decoration,Front Door Hanger,Housewarming Gift, Buffalo Plaid Year Round Wreath,Summer Home Decor",N/A,$36.98,,4.6,1507.0,False,https://m.media-amazon.com/images/I/81Rl7bPfnYL._AC_UL320_.jpg,https://m.media-amazon.com/images/I/81Rl7bPfnYL._AC_SL1500_.jpg,,2026-04-14T17:28:28.960095,
42,1,Organic,,34.0,B0D9Q6TK59,"Valery Madelyn 4 Packs Spring Summer Picks with Lemons Blueberry Eucalyptus Leaves, Artificial Fruit Lemon Picks with Greenry, Summer Lemon Branches Decorations for Home Vase Kitchen Table Decor-12''",N/A,$19.99,,4.5,627.0,False,https://m.media-amazon.com/images/I/81Tsds2EMpL._AC_UL320_.jpg,https://m.media-amazon.com/images/I/81Tsds2EMpL._AC_SL1500_.jpg,,2026-04-14T17:28:28.964183,
43,1,Organic,,35.0,B09QM5XX82,"Uieke 3 Pack Artificial Sunflower Garland, 7.5ft/Strand Silk Sunflowers Hanging Vines Flowers with Green Leaves for Room Kitchen Garden Birthday Wedding Baby Shower Party Table Decor Large",N/A,$14.99,,4.4,1389.0,False,https://m.media-amazon.com/images/I/81qgOQNv7KL._AC_UL320_.jpg,https://m.media-amazon.com/images/I/81qgOQNv7KL._AC_SL1500_.jpg,,2026-04-14T17:28:28.973821,
44,1,Organic,,36.0,B093LJ8DNP,Sggvecsy Daisy and Lavender Wreath 24’’ Wildflower Wreath Spring and Summer Artificial Spring Silk Summer for Front Door Home Wall Wedding Festival Farmhouse Holiday Decor,N/A,$26.99,,4.4,1478.0,False,https://m.media-amazon.com/images/I/91-62gGETUL._AC_UL320_.jpg,https://m.media-amazon.com/images/I/91-62gGETUL._AC_SL1500_.jpg,,2026-04-14T17:28:28.977368,
45,1,Organic,,37.0,B0D8KWXKYH,"Natural Rattan Boho Lanterns - Handcrafted Chic Decor to Enhance Your Home - Modern Farmhouse Beauty Perfect for Any Living Room, Patio & Porch, Indoor and Outdoor Coffee Table or Kitchen Dining Table",N/A,$36.99,,4.6,383.0,False,https://m.media-amazon.com/images/I/81tcCINE7CL._AC_UL320_.jpg,https://m.media-amazon.com/images/I/81tcCINE7CL._AC_SL1500_.jpg,,2026-04-14T17:28:28.981396,
46,1,Organic,,38.0,B0BNL9P3T9,Jetec 6 Pcs Summer Wooden Centerpieces for Table Ice Cream Tiered Tray Decor Rustic Colorful Ice Cream Block Signs Summer Farmhouse Home Decor for Shelf Office Kitchen Birthday Party,N/A,$12.99,,4.6,156.0,False,https://m.media-amazon.com/images/I/51IXBdjepSL._AC_UL320_.jpg,https://m.media-amazon.com/images/I/51IXBdjepSL._AC_SL1500_.jpg,,2026-04-14T17:28:28.985581,
47,1,Organic,,39.0,B0CTLVD83Z,Barydat 6 Pcs Summer Wooden Table Decor Hello Summer Wood Signs Sunshine Table Centerpieces Beach Table Decor Farmhouse Tiered Tray for Home Kitchen,N/A,$14.99,,4.4,32.0,False,https://m.media-amazon.com/images/I/81WXwapPt5L._AC_UL320_.jpg,https://m.media-amazon.com/images/I/81WXwapPt5L._AC_SL1500_.jpg,,2026-04-14T17:28:28.991889,
48,1,Organic,,40.0,B0DPPQKDH7,"Faux Artificial Plants Flowers for Outdoor Planters Spring Summer Decor 16 Bundles Fake Eucalyptus Silk Daisy UV Resistant Realistic Used for Outside,Home,Front Porch,Patio,Yard Decorations",N/A,$19.99,,4.6,268.0,False,https://m.media-amazon.com/images/I/91oCjZGIJDL._AC_UL320_.jpg,https://m.media-amazon.com/images/I/91oCjZGIJDL._AC_SL1500_.jpg,,2026-04-14T17:28:29.003032,
49,1,Organic,,41.0,B0DZ293VJT,"SWIND Summer Decor Wooden Tiered Tray Decoration, 6 PCS Hello Summer Sunglasses Sunshine Wood Signs Table Decor for Farmhouse Party Decorations Home Kitchen",N/A,$14.99,,4.8,32.0,False,https://m.media-amazon.com/images/I/71y1AQtNT0L._AC_UL320_.jpg,https://m.media-amazon.com/images/I/71y1AQtNT0L._AC_SL1500_.jpg,,2026-04-14T17:28:29.007630,
50,1,Organic,,42.0,B0CP64YWPL,"Hananona 12 Pcs Artificial Flowers Outdoor, Faux Artificial Plants UV Resistant Plastic Flower Bulk for Hanging Planter Porch Window Home Wedding Fall Summer Decor (12, Fuchsia, Purple, Yellow, Green)",N/A,$16.99,,4.3,2449.0,False,https://m.media-amazon.com/images/I/91DchnpL2dL._AC_UL320_.jpg,https://m.media-amazon.com/images/I/91DchnpL2dL._AC_SL1500_.jpg,,2026-04-14T17:28:29.012167,
51,1,Title,,,,More results,,,,,,False,,,,2026-04-14T17:28:29.013171,
52,1,Organic,,43.0,B0CRR99HTW,Bucherry 19 Pcs Summer Lemon Tiered Tray Decor Set Farmhouse Wood Summer Table Decorations Rustic Wooden Table Signs Tiered Tray Decor for Home Kitchen Shelf Tabletop,N/A,$12.99,,4.3,130.0,False,https://m.media-amazon.com/images/I/71OVlW0sb9L._AC_UL320_.jpg,https://m.media-amazon.com/images/I/71OVlW0sb9L._AC_SL1500_.jpg,,2026-04-14T17:28:29.016310,
53,1,Organic,,44.0,B0DSMK7DPH,MiniInflat Hello Sweet Summer Metal Sign Rustic Table Decor Holiday Tiered Tray Decor with Wooden Base Freestanding Metal Word Sign for Home Tabletop Centerpiece Mantel Shelf Fireplace,N/A,$12.99,,4.7,199.0,False,https://m.media-amazon.com/images/I/71OrHTts4CL._AC_UL320_.jpg,https://m.media-amazon.com/images/I/71OrHTts4CL._AC_SL1500_.jpg,,2026-04-14T17:28:29.021412,
54,1,Organic,,45.0,B0DS6FWLYC,"AVOIN colorlife Hello Sunshine Floral Sweet Summer Time Throw Pillow Covers, 18 x 18 Inch Popsicle Ice Cream Polka Dots Stripes Best Summer Ever Holiday Seasonal Cushion Case Decorations Set of 4",N/A,$12.99,,4.6,42.0,False,https://m.media-amazon.com/images/I/81b6UF50-xL._AC_UL320_.jpg,https://m.media-amazon.com/images/I/81b6UF50-xL._AC_SL1500_.jpg,,2026-04-14T17:28:29.027948,
55,1,Organic,,46.0,B0F4QL9B7H,"Karenhi 2 Pcs Summer Highland Cow Decorations for Home, Beach Seaside Gnomes Figurines Resin Scottish Statue Gifts for Kitchen Office Tiered Tray Table Mantel Decor",N/A,$21.99,,4.7,228.0,False,https://m.media-amazon.com/images/I/71+jd7Yu4AL._AC_UL320_.jpg,https://m.media-amazon.com/images/I/71+jd7Yu4AL._AC_SL1500_.jpg,,2026-04-14T17:28:29.033066,
56,1,Organic,,47.0,B0C5RLKCTC,Kigley 7 Pieces Hello Summer Table Decoration Sign Wooden Centerpieces Beach Gnome Wooden Decor for Farmhouse Summer Beach Home Table Tiered Tray Decor,N/A,$9.99,,4.5,73.0,False,https://m.media-amazon.com/images/I/81CVba4XuXL._AC_UL320_.jpg,https://m.media-amazon.com/images/I/81CVba4XuXL._AC_SL1500_.jpg,,2026-04-14T17:28:29.036021,
57,1,Organic,,48.0,B0D4ZGMFJT,Sggvecsy Spring Summer Wreath for Front Door 22 Inch Artificial Tulips Wreath with Eucalyptus Leaves Lavender Ferns Colorful Silk Flowers Butterflies for Home Farmhouse Indoor Outdoor Wall Decor,N/A,$25.99,,4.3,502.0,False,https://m.media-amazon.com/images/I/91dih5uCvWL._AC_UL320_.jpg,https://m.media-amazon.com/images/I/91dih5uCvWL._AC_SL1500_.jpg,,2026-04-14T17:28:29.041080,
59,1,Title,,,,"Debug info copied.SponsoredArtoid Mode Wildflowers Bloom Flowers Spring Table Runner, Seasonal Summe",,,,,,False,,,,2026-04-14T17:28:29.041080,
60,1,Title,,,,Related searchesspring decorfall decorsummer decorationssummerwinter decorsummer decor for home,,,,,,False,,,,2026-04-14T17:28:29.042583,
61,1,Title,,,,Previous123...7Next,,,,,,False,,,,2026-04-14T17:28:29.043093,
62,1,SB,2.0,,,N/A,https://aax-us-east-retail-direct.amazon.com/x/c/JNpcIJ5xRoS60B4Ec-4kGYUAAAGdi1IWywEAAAH2AQBvbm9fdHhuX2JpZDEgICBvbm9fdHhuX2ltcDIgICAh_aFv/clv1c_ek-wxPHXLbbUDfHNlL9NGUIK4LqgI7Ztl0RLV_6MmJMR3M6abrOK4Ct44AGIXiz9igPBmTU6whgxulvpSfM0hIyJM7vvJ63zwBokGC0d0aM1uhELyyrsMldeetn3r3YJh1icR-ZHaM9Tz1R1_aF05nG7fd18VtXqvpSwKKcqSIwNZZt9n81XIcgs_0a2nDKpVKR7N9v-f-7JTaS_Mkru7z6bnPq0JhC0kYBIJxqz1fzK6oTfQ0v9VQvPln3Oi3UbB3pwLqdocxTMG_PCdbO5LsSQz0_kfTh-tau8RBiFiqW8yGv2KLYmbuN0_P6oqy_vkqCldQTT_YPxPHL7R8k1XdQOjul73-ovGgXBnbUzt6sXOhMPYpSIazgjR2jvVKitLR-6a7A21dSU_PJkQZXsyTdHaLlKizXyftJJ7JiyrYvQrzMzBQ3W7bJX1JndCm_RJrzOHbut_9zsZxmmrFT3lJrmdaUDm3uippLBFjgz8Da0mknM2UCdFEKbD-fo4Vu6Rul7Z3WiV81A3Kt8W-6NJwJZvqWten-t37HPOU2zYsIEzmfUXwsq4ugHRsROVvTzSDtKWz9wYBYgGcufK7WJO-ppAyIIdrkHmZhmm9tCdzM8TK9IqqqfwjdkgX3SAX-KoaNpLPzIAKUoG5vqhJVfEM6B-kpgyjesvNKABb-52OzR0jDl2AF9ZGxQ-jA8P0j6JQSBIGJzFSKz13WPXukB4I5WBL4z0HUYiNpPE-dtLhz8B1o3Ux3HX5AfRd4EMZjynGDQOxW0TzQmeLrv-wekTNZ4txlLaQ2WszreM9suBqrZJDPSPBTDROcSgGex-GnenntND7RKhrb_MDV2cLSKY9R2nbgp9_PTCrFGfpn6jZ1mo7gtdCo_CsJAWeI0I5YTSWmsza-3uxWAAPUi7UcbUrK4NTGhF2ydqdpWcXm5nlWdBi5Dk6b6Vdde9xhQGw11rqtt9A5-P6qOdkNa1pPJ1zOagts7smzuAKep09kfQI_Wy0eEo--ViLry4ucK9yjL-uYUWXNTJTfvVxnJmIxkT3fXyxKAzk5o6R8qtL_R6jh9jgF-goTJ333PyGFNOP2eOLwgBZ4DpWl_VRPv3oK-KWL2yrQEyd_J0s5ySzxhL4Ae-pDyHbYRr4Y0km8NqcuSrHFJM2wQNWc9S0mhgYrYp_TSl_kIL25C2VjZWnXynEPv3wgxrc0fbRVc5QK_wZ3jXxeviftESDg7o-Tx6C2Mwkda3cE4O1TkInfY6Qr0A1B-1Ar5qAIpwrrmxWLXGxuAJ6cMpxsVvMnMcto72WcptWIeQS11z7KTtmYF4yCVkKNGdhmocNjJM6c445d0IXI2lsbEiKcAk-bPDf-cgFDi9pm-wJJA11XzDFoMqVwpSl9dx6Srgcje23wHaejizD6z2wnV8MadaRuk0VmTF_wPhAh4BlNUAN12y5AXtGVCgeMkCLzG2_ELnY69hjbPnrCWY7c1UxjFAuG5xGn7gL0Dqp2LF3YdovrKfSYklR_3kcBYKTUPaAV9Y62L761-09VKzgbWjY5-50QelDYLMLlHMMUOzDaJN0iBgJhrLBUEIR61WE6GLyU37S16HyGGQ2CD8O3_P7h6oG7GHFVU_LCPULpINExajgFRmKVfgr35fcJxRuEl-JvncOi1PLt10QwWxf7QDfxWJCt5BCaxZ1RabCrH8DdKlh5j0hA5A5s/https://www.amazon.com/stores/page/8910E195-BE54-4E6F-A7D8-1CE2D4221C9F/?_encoding=UTF8&store_ref=SB_A030052210IHSSCS1ZYFC-A029741013Q7Q159KVKUW&pd_rd_plhdr=t&aaxitk=81afaf60784cba3787fbf80dddd44b43&hsa_cr_id=0&lp_asins=B09DD9NWPS%2CB09NV9R991%2CB09SHG2LCN&lp_query=summer%20decor&lp_slot=desktop-hsa-3psl&ref_=sbx_be_s_3psl_mbd_mb0_bkgd&pd_rd_w=xADkc&content-id=amzn1.sym.cd7c548b-a599-426f-9ffe-daa1aa803c87%3Aamzn1.sym.cd7c548b-a599-426f-9ffe-daa1aa803c87&pf_rd_p=cd7c548b-a599-426f-9ffe-daa1aa803c87&pf_rd_r=JQY0CX2QDTMRW3EA180G&pd_rd_wg=RVapG&pd_rd_r=34257106-c80d-4826-8724-24d91179e12b,,,,,False,,,N/A,2026-04-14T17:28:29.048096,
63,1,Title,,,,Need help?Visit the help sectionorcontact us,,,,,,False,,,,2026-04-14T17:28:29.048096,
